Sample_Date,Year,JD,Station_ID,Latitude,Longitude,DepthName,Sample Depth (m),Pbahamense (cells/L),Temp (degC),Salinity (psu),Corr Chl a Avg (ug/L)
26-Jan-21,2021,26,TB Pyrodinium Station 01,28.02,-82.675,B,2.4,0,20.06,21.478,5.045510166
26-Jan-21,2021,26,TB Pyrodinium Station 05,27.957,-82.622,B,4.6,0,19.19,22.278,2.789635462
26-Jan-21,2021,26,TB Pyrodinium Station 06,27.942,-82.675,B,3.6,0,18.69,21.974,3.235031497
26-Jan-21,2021,26,TB Pyrodinium Station 07,27.9055,-82.6046,B,2.3,0,19.11,22.795,2.713126251
26-Jan-21,2021,26,TB Pyrodinium Station 01,28.02,-82.675,S,0.5,0,20.19,21.436,5.223605537
26-Jan-21,2021,26,TB Pyrodinium Station 02,27.972,-82.673,S,0.5,0,19.56,21.722,2.345657886
26-Jan-21,2021,26,TB Pyrodinium Station 03,27.98,-82.62,S,0.5,0,18.97,22.53,3.879221893
26-Jan-21,2021,26,TB Pyrodinium Station 04,27.949,-82.561,S,0.5,0,19.51,22.979,3.333202849
26-Jan-21,2021,26,TB Pyrodinium Station 05,27.957,-82.622,S,0.5,0,19.19,22.281,3.141413222
26-Jan-21,2021,26,TB Pyrodinium Station 06,27.942,-82.675,S,0.5,0,19.56,21.623,3.097773727
26-Jan-21,2021,26,TB Pyrodinium Station 07,27.9055,-82.6046,S,0.5,0,18.79,22.39,2.781019639
26-Jan-21,2021,26,TB Pyrodinium Station 08,27.9244,-82.5496,S,0.5,0,19.13,23.156,3.81528618
26-Jan-21,2021,26,TB Pyrodinium Station 09,27.86111,-82.58911,S,0.5,0,19.05,22.807,2.780721938
26-Jan-21,2021,26,TB Pyrodinium Station 10/MML E 10,27.7723,-82.5789,S,0.5,0,18.38,24.799,2.132573867
25-Feb-21,2021,56,TB Pyrodinium Station 01,28.02,-82.675,B,2,0,20.31,19.957,10.89169211
25-Feb-21,2021,56,TB Pyrodinium Station 05,27.957,-82.622,B,4.2,0,19.79,21.725,4.51353383
25-Feb-21,2021,56,TB Pyrodinium Station 06,27.942,-82.675,B,3.3,0,19.76,21.218,7.779483281
25-Feb-21,2021,56,TB Pyrodinium Station 07,27.9055,-82.6046,B,2.1,0,19.95,22.184,4.194625916
25-Feb-21,2021,56,TB Pyrodinium Station 01,28.02,-82.675,S,0.5,0,20.33,19.493,2.347868622
25-Feb-21,2021,56,TB Pyrodinium Station 02,27.972,-82.673,S,0.5,0,20.02,20.249,3.105456706
25-Feb-21,2021,56,TB Pyrodinium Station 03,27.98,-82.62,S,0.5,0,20.34,21.26,3.443582197
25-Feb-21,2021,56,TB Pyrodinium Station 04,27.949,-82.561,S,0.5,0,20.09,22.792,2.133203083
25-Feb-21,2021,56,TB Pyrodinium Station 05,27.957,-82.622,S,0.5,0,19.91,20.92,3.481549898
25-Feb-21,2021,56,TB Pyrodinium Station 06,27.942,-82.675,S,0.5,0,19.94,21.133,2.018711333
25-Feb-21,2021,56,TB Pyrodinium Station 07,27.9055,-82.6046,S,0.5,0,19.97,21.821,4.166786398
25-Feb-21,2021,56,TB Pyrodinium Station 08,27.9244,-82.5496,S,0.5,0,20.18,23.057,1.997935573
25-Feb-21,2021,56,TB Pyrodinium Station 09,27.86111,-82.58911,S,0.5,0,19.81,22.589,2.151070237
25-Feb-21,2021,56,TB Pyrodinium Station 10/MML E 10,27.7723,-82.5789,S,0.5,0,19.83,24.806,2.271483078
24-Mar-21,2021,83,TB Pyrodinium Station 01,28.02,-82.675,B,2.8,333,21.23,22.643,10.11041728
24-Mar-21,2021,83,TB Pyrodinium Station 05,27.957,-82.622,B,4.8,0,20.74,23.399,9.06321108
24-Mar-21,2021,83,TB Pyrodinium Station 06,27.942,-82.675,B,3.9,0,20.34,22.53,3.270471529
24-Mar-21,2021,83,TB Pyrodinium Station 07,27.9055,-82.6046,B,2.5,0,20.31,23.368,5.412774665
24-Mar-21,2021,83,TB Pyrodinium Station 01,28.02,-82.675,S,1,0,21.64,22.343,5.485171588
24-Mar-21,2021,83,TB Pyrodinium Station 02,27.972,-82.673,S,1,333,21.17,22.582,2.470944381
24-Mar-21,2021,83,TB Pyrodinium Station 03,27.98,-82.62,S,1,0,21.53,23.687,4.544521423
24-Mar-21,2021,83,TB Pyrodinium Station 04,27.949,-82.561,S,1,0,21.32,24.166,3.53246002
24-Mar-21,2021,83,TB Pyrodinium Station 05,27.957,-82.622,S,1,0,20.95,23.297,4.342438837
24-Mar-21,2021,83,TB Pyrodinium Station 06,27.942,-82.675,S,1,0,21.14,22.409,2.306691736
24-Mar-21,2021,83,TB Pyrodinium Station 07,27.9055,-82.6046,S,1,333,20.34,23.372,4.529396244
24-Mar-21,2021,83,TB Pyrodinium Station 08,27.9244,-82.5496,S,1,0,21.12,24.338,5.047391132
24-Mar-21,2021,83,TB Pyrodinium Station 09,27.86111,-82.58911,S,1,0,20.52,23.561,3.685989082
24-Mar-21,2021,83,TB Pyrodinium Station 10/MML E 10,27.7723,-82.5789,S,1,0,20.86,26.013,2.716805012
7-Apr-21,2021,97,TB Pyrodinium Station 01,28.02,-82.675,B,2.4,2667,21.81,23.052,5.523579346
7-Apr-21,2021,97,TB Pyrodinium Station 05,27.957,-82.622,B,4.5,0,21.99,23.917,4.979752692
7-Apr-21,2021,97,TB Pyrodinium Station 06,27.942,-82.675,B,3.7,0,21.09,23.022,3.847233685
7-Apr-21,2021,97,TB Pyrodinium Station 07,27.9055,-82.6046,B,2.4,0,21.42,23.765,3.794380532
7-Apr-21,2021,97,TB Pyrodinium Station 01,28.02,-82.675,S,0.5,3333,22.4,23.207,5.063026148
7-Apr-21,2021,97,TB Pyrodinium Station 02,27.972,-82.673,S,0.5,2000,21.27,23.285,2.833404845
7-Apr-21,2021,97,TB Pyrodinium Station 03,27.98,-82.62,S,0.5,0,22.21,24.246,4.044200901
7-Apr-21,2021,97,TB Pyrodinium Station 04,27.949,-82.561,S,0.5,0,22.37,24.864,2.649268539
7-Apr-21,2021,97,TB Pyrodinium Station 05,27.957,-82.622,S,0.5,333,22.05,23.915,4.967346646
7-Apr-21,2021,97,TB Pyrodinium Station 06,27.942,-82.675,S,0.5,0,21.29,23.072,2.893888566
7-Apr-21,2021,97,TB Pyrodinium Station 07,27.9055,-82.6046,S,0.5,0,21.43,23.764,3.991551683
7-Apr-21,2021,97,TB Pyrodinium Station 08,27.9244,-82.5496,S,0.5,0,22.05,24.929,3.402927309
7-Apr-21,2021,97,TB Pyrodinium Station 09,27.86111,-82.58911,S,0.5,0,21.52,24.372,2.777679608
7-Apr-21,2021,97,TB Pyrodinium Station 10/MML E 10,27.7723,-82.5789,S,0.5,0,21.63,26.532,2.686367714
19-Apr-21,2021,109,TB Pyrodinium Station 01,28.02,-82.675,B,2.5,8000,26.03,22.8,20.54705377
19-Apr-21,2021,109,TB Pyrodinium Station 05,27.957,-82.622,B,4.7,0,25.72,23.784,4.74942962
19-Apr-21,2021,109,TB Pyrodinium Station 06,27.942,-82.675,B,3.9,0,25.55,23.189,5.176108864
19-Apr-21,2021,109,TB Pyrodinium Station 07,27.9055,-82.6046,B,2.8,0,25.19,24.393,5.071187738
19-Apr-21,2021,109,TB Pyrodinium Station 01,28.02,-82.675,S,0.5,17000,25.87,21.571,16.43764301
19-Apr-21,2021,109,TB Pyrodinium Station 02,27.972,-82.673,S,0.5,0,25.7,23.44,4.497618918
19-Apr-21,2021,109,TB Pyrodinium Station 03,27.98,-82.62,S,0.5,0,25.91,23.796,6.277780683
19-Apr-21,2021,109,TB Pyrodinium Station 04,27.949,-82.561,S,0.5,0,26.05,24.228,5.228569427
19-Apr-21,2021,109,TB Pyrodinium Station 05,27.957,-82.622,S,0.5,0,25.81,23.783,5.683227638
19-Apr-21,2021,109,TB Pyrodinium Station 06,27.942,-82.675,S,0.5,0,25.61,23.19,8.813374552
19-Apr-21,2021,109,TB Pyrodinium Station 07,27.9055,-82.6046,S,0.5,0,25.17,24.38,5.40343797
19-Apr-21,2021,109,TB Pyrodinium Station 08,27.9244,-82.5496,S,0.5,0,25.79,24.925,6.435162371
19-Apr-21,2021,109,TB Pyrodinium Station 09,27.86111,-82.58911,S,0.5,0,25.71,25.032,5.176108864
19-Apr-21,2021,109,TB Pyrodinium Station 10/MML E 10,27.7723,-82.5789,S,0.5,0,24.73,27.242,1.633272189
4-May-21,2021,124,TB Pyrodinium Station 01,28.02,-82.675,B,2.6,10000,29,23.3,12.33713788
4-May-21,2021,124,TB Pyrodinium Station 05,27.957,-82.622,B,4.9,0,28,24.3,14.23178723
4-May-21,2021,124,TB Pyrodinium Station 06,27.942,-82.675,B,4,0,27.7,23.9,12.70283018
4-May-21,2021,124,TB Pyrodinium Station 07,27.9055,-82.6046,B,3.7,0,27.1,25,9.577156463
4-May-21,2021,124,TB Pyrodinium Station 01,28.02,-82.675,S,0.5,0,29.5,23.4,6.571284526
4-May-21,2021,124,TB Pyrodinium Station 02,27.972,-82.673,S,0.5,1000,28.4,23.6,11.65831937
4-May-21,2021,124,TB Pyrodinium Station 03,27.98,-82.62,S,0.5,0,28.7,24.5,9.755636658
4-May-21,2021,124,TB Pyrodinium Station 04,27.949,-82.561,S,0.5,0,28.4,25.3,7.636926552
4-May-21,2021,124,TB Pyrodinium Station 05,27.957,-82.622,S,0.5,0,28.6,24.3,10.91366227
4-May-21,2021,124,TB Pyrodinium Station 06,27.942,-82.675,S,0.5,0,28.1,23.8,10.32146428
4-May-21,2021,124,TB Pyrodinium Station 07,27.9055,-82.6046,S,0.5,0,27.4,25,8.143901119
4-May-21,2021,124,TB Pyrodinium Station 08,27.9244,-82.5496,S,0.5,0,28.1,25.7,NA
4-May-21,2021,124,TB Pyrodinium Station 09,27.86111,-82.58911,S,0.5,0,27.8,25.6,7.746599314
4-May-21,2021,124,TB Pyrodinium Station 10/MML E 10,27.7723,-82.5789,S,0.5,0,26.8,27.5,1.73293442
24-May-21,2021,144,TB Pyrodinium Station 01,28.02,-82.675,B,2.8,6000,NA,NA,NA
24-May-21,2021,144,TB Pyrodinium Station 05,27.957,-82.622,B,5,3333,NA,NA,NA
24-May-21,2021,144,TB Pyrodinium Station 06,27.942,-82.675,B,4.1,3333,NA,NA,NA
24-May-21,2021,144,TB Pyrodinium Station 07,27.9055,-82.6046,B,2.8,0,NA,NA,NA
24-May-21,2021,144,TB Pyrodinium Station 01,28.02,-82.675,S,0.5,1333,NA,NA,NA
24-May-21,2021,144,TB Pyrodinium Station 02,27.972,-82.673,S,0.5,1000,NA,NA,NA
24-May-21,2021,144,TB Pyrodinium Station 03,27.98,-82.62,S,0.5,36000,NA,NA,NA
24-May-21,2021,144,TB Pyrodinium Station 04,27.949,-82.561,S,0.5,0,NA,NA,NA
24-May-21,2021,144,TB Pyrodinium Station 05,27.957,-82.622,S,0.5,35000,NA,NA,NA
24-May-21,2021,144,TB Pyrodinium Station 06,27.942,-82.675,S,0.5,13667,NA,NA,NA
24-May-21,2021,144,TB Pyrodinium Station 07,27.9055,-82.6046,S,0.5,1667,NA,NA,NA
24-May-21,2021,144,TB Pyrodinium Station 08,27.9244,-82.5496,S,0.5,333,NA,NA,NA
24-May-21,2021,144,TB Pyrodinium Station 09,27.86111,-82.58911,S,0.5,0,NA,NA,NA
24-May-21,2021,144,TB Pyrodinium Station 10/MML E 10,27.7723,-82.5789,S,0.5,0,NA,NA,NA
7-Jun-21,2021,158,TB Pyrodinium Station 01,28.02,-82.675,B,2.8,304442,29.6,24.2,35.7475573
7-Jun-21,2021,158,TB Pyrodinium Station 05,27.957,-82.622,B,5,3333,29.2,25.8,9.647361002
7-Jun-21,2021,158,TB Pyrodinium Station 06,27.942,-82.675,B,4.2,1000,28.6,25.6,16.15612507
7-Jun-21,2021,158,TB Pyrodinium Station 07,27.9055,-82.6046,B,2.8,0,28.2,26.3,6.589446894
7-Jun-21,2021,158,TB Pyrodinium Station 01,28.02,-82.675,S,0.5,274355,29.9,25.6,18.13739495
7-Jun-21,2021,158,TB Pyrodinium Station 02,27.972,-82.673,S,0.5,273640,29.6,25.7,20.68693738
7-Jun-21,2021,158,TB Pyrodinium Station 03,27.98,-82.62,S,0.5,42667,29.4,25.9,12.50164702
7-Jun-21,2021,158,TB Pyrodinium Station 04,27.949,-82.561,S,0.5,0,29,26.4,7.271932807
7-Jun-21,2021,158,TB Pyrodinium Station 05,27.957,-82.622,S,0.5,21667,29.3,25.8,12.23078324
7-Jun-21,2021,158,TB Pyrodinium Station 06,27.942,-82.675,S,0.5,667,28.6,25.6,14.91147893
7-Jun-21,2021,158,TB Pyrodinium Station 07,27.9055,-82.6046,S,0.5,0,28.2,26.3,9.806631
7-Jun-21,2021,158,TB Pyrodinium Station 08,27.9244,-82.5496,S,0.5,0,28.8,27,10.95540079
7-Jun-21,2021,158,TB Pyrodinium Station 09,27.86111,-82.58911,S,0.5,0,29.2,28,3.567717812
7-Jun-21,2021,158,TB Pyrodinium Station 10/MML E 10,27.7723,-82.5789,S,0.5,0,28.5,29.3,2.981667089
23-Jun-21,2021,174,TB Pyrodinium Station 01,28.02,-82.675,B,2.9,17667,29.2,24.76,5.855175527
23-Jun-21,2021,174,TB Pyrodinium Station 05,27.957,-82.622,B,5.3,10000,29.1,25.84,16.22716355
23-Jun-21,2021,174,TB Pyrodinium Station 06,27.942,-82.675,B,4.4,164333,29,25.65,20.03471989
23-Jun-21,2021,174,TB Pyrodinium Station 07,27.9055,-82.6046,B,3.1,0,29,26.53,22.65454181
23-Jun-21,2021,174,TB Pyrodinium Station 01,28.02,-82.675,S,0.5,1982695,29.6,24.35,113.6874026
23-Jun-21,2021,174,TB Pyrodinium Station 02,27.972,-82.673,S,0.5,3208987,29.5,25.33,133.427188
23-Jun-21,2021,174,TB Pyrodinium Station 03,27.98,-82.62,S,0.5,8000,29.5,25.78,7.291912049
23-Jun-21,2021,174,TB Pyrodinium Station 04,27.949,-82.561,S,0.5,0,29.4,26.47,17.98710071
23-Jun-21,2021,174,TB Pyrodinium Station 05,27.957,-82.622,S,0.5,56000,29.1,25.84,16.68853339
23-Jun-21,2021,174,TB Pyrodinium Station 06,27.942,-82.675,S,0.5,353350,29,25.65,40.02722659
23-Jun-21,2021,174,TB Pyrodinium Station 07,27.9055,-82.6046,S,0.5,0,29.2,26.57,13.15173661
23-Jun-21,2021,174,TB Pyrodinium Station 08,27.9244,-82.5496,S,0.5,0,29.6,27.48,12.4690729
23-Jun-21,2021,174,TB Pyrodinium Station 09,27.86111,-82.58911,S,0.5,0,29.6,27.88,9.743253083
23-Jun-21,2021,174,TB Pyrodinium Station 10/MML E 10,27.7723,-82.5789,S,0.5,0,29,29.07,6.096925136
9-Jul-21,2021,190,TB Pyrodinium Station 01,28.02,-82.675,B,2.8,25000,28.4886,19.8473,34.46431539
9-Jul-21,2021,190,TB Pyrodinium Station 05,27.957,-82.622,B,5,802000,28.4387,22.3817,50.23036804
9-Jul-21,2021,190,TB Pyrodinium Station 06,27.942,-82.675,B,4.1,475000,28.2847,21.8318,28.74964534
9-Jul-21,2021,190,TB Pyrodinium Station 07,27.9055,-82.6046,B,2.8,714333,28.4304,22.5278,39.61788012
9-Jul-21,2021,190,TB Pyrodinium Station 01,28.02,-82.675,S,0.5,498333,29.0717,8.5027,60.90326861
9-Jul-21,2021,190,TB Pyrodinium Station 02,27.972,-82.673,S,0.5,155333,29.4845,18.2728,20.27594811
9-Jul-21,2021,190,TB Pyrodinium Station 03,27.98,-82.62,S,0.5,289667,29.1908,19.665,16.63892383
9-Jul-21,2021,190,TB Pyrodinium Station 04,27.949,-82.561,S,0.5,1074667,28.6727,20.4998,99.03280084
9-Jul-21,2021,190,TB Pyrodinium Station 05,27.957,-82.622,S,0.5,638667,28.8893,19.7622,53.55672487
9-Jul-21,2021,190,TB Pyrodinium Station 06,27.942,-82.675,S,0.5,5592333,29.2162,20.9787,177.5765617
9-Jul-21,2021,190,TB Pyrodinium Station 07,27.9055,-82.6046,S,0.5,421000,28.624,21.7067,37.15835321
9-Jul-21,2021,190,TB Pyrodinium Station 08,27.9244,-82.5496,S,0.5,50333,28.9631,22.0993,9.723506699
9-Jul-21,2021,190,TB Pyrodinium Station 09,27.86111,-82.58911,S,0.5,142667,28.9163,23.85,41.24444481
9-Jul-21,2021,190,TB Pyrodinium Station 10/MML E 10,27.7723,-82.5789,S,0.5,0,28.7494,25.192,26.26815019
21-Jul-21,2021,202,TB Pyrodinium Station 01,28.02,-82.675,B,2.9,25667,29.8,18.2,25.5534503
21-Jul-21,2021,202,TB Pyrodinium Station 05,27.957,-82.622,B,5.3,492333,30.6,20.3,33.6685161
21-Jul-21,2021,202,TB Pyrodinium Station 06,27.942,-82.675,B,4.5,718000,30.3,19.2,22.32448597
21-Jul-21,2021,202,TB Pyrodinium Station 07,27.9055,-82.6046,B,3.3,394000,30.2,21.3,44.11221475
21-Jul-21,2021,202,TB Pyrodinium Station 01,28.02,-82.675,S,0.5,20000,30.6,9.9,11.66952613
21-Jul-21,2021,202,TB Pyrodinium Station 02,27.972,-82.673,S,0.5,377333,30.9,17,29.20182483
21-Jul-21,2021,202,TB Pyrodinium Station 03,27.98,-82.62,S,0.5,764333,30.9,19.7,49.21982926
21-Jul-21,2021,202,TB Pyrodinium Station 04,27.949,-82.561,S,0.5,33667,30.7,20.9,5.096447321
21-Jul-21,2021,202,TB Pyrodinium Station 05,27.957,-82.622,S,0.5,410000,30.9,20,24.85321283
21-Jul-21,2021,202,TB Pyrodinium Station 06,27.942,-82.675,S,0.5,592000,30.5,19.1,23.16184184
21-Jul-21,2021,202,TB Pyrodinium Station 07,27.9055,-82.6046,S,0.5,1334667,30.2,21.2,77.74008962
21-Jul-21,2021,202,TB Pyrodinium Station 08,27.9244,-82.5496,S,0.5,880333,30.7,22.1,74.93730904
21-Jul-21,2021,202,TB Pyrodinium Station 09,27.86111,-82.58911,S,0.5,688217,30.7,22.7,47.52461383
21-Jul-21,2021,202,TB Pyrodinium Station 10/MML E 10,27.7723,-82.5789,S,0.5,13333,30,23.8,9.885888566
2-Aug-21,2021,214,TB Pyrodinium Station 01,28.02,-82.675,B,2.6,250000,31.08,18.8,26.12943302
2-Aug-21,2021,214,TB Pyrodinium Station 05,27.957,-82.622,B,4.7,478667,30.95,20.4,70.13574264
2-Aug-21,2021,214,TB Pyrodinium Station 06,27.942,-82.675,B,3.9,931333,30.53,19.7,65.58322978
2-Aug-21,2021,214,TB Pyrodinium Station 07,27.9055,-82.6046,B,2.8,495000,30.92,20.9,23.88322618
2-Aug-21,2021,214,TB Pyrodinium Station 01,28.02,-82.675,S,0.5,82252,31.38,13.9,11.95072187
2-Aug-21,2021,214,TB Pyrodinium Station 02,27.972,-82.673,S,0.5,840511,31.02,19.4,66.84155636
2-Aug-21,2021,214,TB Pyrodinium Station 03,27.98,-82.62,S,0.5,1077667,31.11,19.5,76.33159244
2-Aug-21,2021,214,TB Pyrodinium Station 04,27.949,-82.561,S,0.5,528333,30.9,20.1,45.39478848
2-Aug-21,2021,214,TB Pyrodinium Station 05,27.957,-82.622,S,0.5,416400,31.04,19.7,40.74461446
2-Aug-21,2021,214,TB Pyrodinium Station 06,27.942,-82.675,S,0.5,711350,30.93,19.3,49.57055461
2-Aug-21,2021,214,TB Pyrodinium Station 07,27.9055,-82.6046,S,0.5,245000,30.9,20.9,18.49082729
2-Aug-21,2021,214,TB Pyrodinium Station 08,27.9244,-82.5496,S,0.5,128333,30.98,21.5,20.79187463
2-Aug-21,2021,214,TB Pyrodinium Station 09,27.86111,-82.58911,S,0.5,39333,31.09,22.5,10.12577272
2-Aug-21,2021,214,TB Pyrodinium Station 10/MML E 10,27.7723,-82.5789,S,0.5,1000,30.91,24.2,6.52188785
8/19/2021,2021,231,TB Pyrodinium Station 1,28.02,-82.675,B,3,75333,NA,NA,15.3536475
8/19/2021,2021,231,TB Pyrodinium Station 5,27.957,-82.622,B,5.2,330667,NA,NA,16.02854937
8/19/2021,2021,231,TB Pyrodinium Station 6,27.942,-82.675,B,4.3,518721,NA,NA,23.79695109
8/19/2021,2021,231,TB Pyrodinium Station 7,27.9055,-82.6046,B,3.2,9667,NA,NA,2.597669172
8/19/2021,2021,231,TB Pyrodinium Station 1,28.02,-82.675,S,0.5,78667,NA,NA,14.45155827
8/19/2021,2021,231,TB Pyrodinium Station 2,27.972,-82.673,S,0.5,501333,NA,NA,30.23367966
8/19/2021,2021,231,TB Pyrodinium Station 3,27.98,-82.62,S,0.5,1421263,NA,NA,125.4636654
8/19/2021,2021,231,TB Pyrodinium Station 4,27.949,-82.561,S,0.5,95333,NA,NA,3.912876789
8/19/2021,2021,231,TB Pyrodinium Station 5,27.957,-82.622,S,0.5,1251032,NA,NA,86.29604624
8/19/2021,2021,231,TB Pyrodinium Station 6,27.942,-82.675,S,0.5,627925,NA,NA,32.30334172
8/19/2021,2021,231,TB Pyrodinium Station 7,27.9055,-82.6046,S,0.5,169000,NA,NA,9.324302135
8/19/2021,2021,231,TB Pyrodinium Station 8,27.9244,-82.5496,S,0.5,33667,NA,NA,6.482610056
8/19/2021,2021,231,TB Pyrodinium Station 9,27.86111,-82.58911,S,0.5,33000,NA,NA,2.15781742
8/19/2021,2021,231,TB Pyrodinium Station 10,27.7723,-82.5789,S,0.5,2667,NA,NA,5.843229338
3-Sep-21,2021,246,TB Pyrodinium Station 01,28.02,-82.675,B,2.8,30667,29.1,16.3,8.816622335
3-Sep-21,2021,246,TB Pyrodinium Station 05,27.957,-82.622,B,5,372198,29,17.8,33.64654985
3-Sep-21,2021,246,TB Pyrodinium Station 06,27.942,-82.675,B,4.1,510272,28.5,16.7,37.58666321
3-Sep-21,2021,246,TB Pyrodinium Station 07,27.9055,-82.6046,B,3,89298,28.8,18.4,8.337777124
3-Sep-21,2021,246,TB Pyrodinium Station 01,28.02,-82.675,S,0.7,156083,29.8,11.7,30.06211719
3-Sep-21,2021,246,TB Pyrodinium Station 02,27.972,-82.673,S,0.7,732390,29.3,15.9,50.87922208
3-Sep-21,2021,246,TB Pyrodinium Station 03,27.98,-82.62,S,0.7,264141,29.2,17.5,23.82063078
3-Sep-21,2021,246,TB Pyrodinium Station 04,27.949,-82.561,S,0.7,238127,28.9,17.5,22.8614056
3-Sep-21,2021,246,TB Pyrodinium Station 05,27.957,-82.622,S,0.7,362193,29.6,17,25.85649031
3-Sep-21,2021,246,TB Pyrodinium Station 06,27.942,-82.675,S,0.8,684365,28.9,16,50.79250813
3-Sep-21,2021,246,TB Pyrodinium Station 07,27.9055,-82.6046,S,0.6,134472,28.5,17.6,13.58550625
3-Sep-21,2021,246,TB Pyrodinium Station 08,27.9244,-82.5496,S,0.6,48026,28.8,18.8,7.164452882
3-Sep-21,2021,246,TB Pyrodinium Station 09,27.86111,-82.58911,S,0.7,75333,28.9,19.8,8.573170983
3-Sep-21,2021,246,TB Pyrodinium Station 10/MML E 10,27.7723,-82.5789,S,0.6,1667,28.8,22.2,3.585315146
15-Sep-21,2021,258,TB Pyrodinium Station 01,28.02,-82.675,B,2.6,7333,29.55,14.3,20.39445986
15-Sep-21,2021,258,TB Pyrodinium Station 05,27.957,-82.622,B,5,7333,28.67,17,5.478623878
15-Sep-21,2021,258,TB Pyrodinium Station 06,27.942,-82.675,B,4.1,60000,29.13,16.1,9.73904109
15-Sep-21,2021,258,TB Pyrodinium Station 07,27.9055,-82.6046,B,3.2,333,28.58,18.5,5.195075775
15-Sep-21,2021,258,TB Pyrodinium Station 01,28.02,-82.675,S,0.5,14667,30.63,12.1,18.2005599
15-Sep-21,2021,258,TB Pyrodinium Station 02,27.972,-82.673,S,0.5,24333,29.4,14.1,18.52514274
15-Sep-21,2021,258,TB Pyrodinium Station 03,27.98,-82.62,S,0.5,12000,29.23,15.7,7.068282448
15-Sep-21,2021,258,TB Pyrodinium Station 04,27.949,-82.561,S,0.5,5667,28.9,17.8,6.04980411
15-Sep-21,2021,258,TB Pyrodinium Station 05,27.957,-82.622,S,0.5,29667,29.19,16.3,24.00143289
15-Sep-21,2021,258,TB Pyrodinium Station 06,27.942,-82.675,S,0.5,41000,29.25,16,11.83297965
15-Sep-21,2021,258,TB Pyrodinium Station 07,27.9055,-82.6046,S,0.5,3333,28.75,18.3,6.124483446
15-Sep-21,2021,258,TB Pyrodinium Station 08,27.9244,-82.5496,S,0.5,333,29.06,19,5.632261053
15-Sep-21,2021,258,TB Pyrodinium Station 09,27.86111,-82.58911,S,0.5,0,29.05,19.5,7.932345701
15-Sep-21,2021,258,TB Pyrodinium Station 10/MML E 10,27.7723,-82.5789,S,0.5,0,29.05,21.1,2.608934265
29-Sep-21,2021,272,TB Pyrodinium Station 01,28.02,-82.675,B,2.4,7667,28.9,14.7,14.81067171
29-Sep-21,2021,272,TB Pyrodinium Station 05,27.957,-82.622,B,4.8,19333,28.3,15.8,17.0250114
29-Sep-21,2021,272,TB Pyrodinium Station 06,27.942,-82.675,B,4,1000,28.6,15.3,15.90516804
29-Sep-21,2021,272,TB Pyrodinium Station 07,27.9055,-82.6046,B,3.1,0,28.1,18.1,7.25001381
29-Sep-21,2021,272,TB Pyrodinium Station 01,28.02,-82.675,S,0.5,36667,29.2,13.1,11.97264254
29-Sep-21,2021,272,TB Pyrodinium Station 02,27.972,-82.673,S,0.5,9333,28.8,14.4,17.94284081
29-Sep-21,2021,272,TB Pyrodinium Station 03,27.98,-82.62,S,0.5,0,28.3,15.5,9.79901057
29-Sep-21,2021,272,TB Pyrodinium Station 04,27.949,-82.561,S,0.5,6667,28.8,17.5,34.54705335
29-Sep-21,2021,272,TB Pyrodinium Station 05,27.957,-82.622,S,0.5,24000,28.5,15.5,39.20080676
29-Sep-21,2021,272,TB Pyrodinium Station 06,27.942,-82.675,S,0.5,4333,28.7,15.2,17.07494315
29-Sep-21,2021,272,TB Pyrodinium Station 07,27.9055,-82.6046,S,0.5,0,28.6,16.8,7.85052886
29-Sep-21,2021,272,TB Pyrodinium Station 08,27.9244,-82.5496,S,0.5,1333,28.6,18.1,9.085863215
29-Sep-21,2021,272,TB Pyrodinium Station 09,27.86111,-82.58911,S,0.5,0,28.4,18.4,5.02404879
29-Sep-21,2021,272,TB Pyrodinium Station 10/MML E 10,27.7723,-82.5789,S,0.5,0,28.7,20.5,2.877898337
13-Oct-21,2021,286,TB Pyrodinium Station 01,28.02,-82.675,B,2.2,667,28.4,15.54,18.37103058
13-Oct-21,2021,286,TB Pyrodinium Station 05,27.957,-82.622,B,4.5,333,27.89,16.47,12.15565089
13-Oct-21,2021,286,TB Pyrodinium Station 06,27.942,-82.675,B,3.8,0,28.34,15.8,14.06956972
13-Oct-21,2021,286,TB Pyrodinium Station 07,27.9055,-82.6046,B,2.9,667,27.78,18.07,7.033304787
13-Oct-21,2021,286,TB Pyrodinium Station 01,28.02,-82.675,S,0.5,2333,29.11,15.36,22.96332571
13-Oct-21,2021,286,TB Pyrodinium Station 02,27.972,-82.673,S,0.5,1667,28.65,15.57,10.47965373
13-Oct-21,2021,286,TB Pyrodinium Station 03,27.98,-82.62,S,0.5,667,28.5,16.95,9.990119735
13-Oct-21,2021,286,TB Pyrodinium Station 04,27.949,-82.561,S,0.5,0,28.36,18.17,24.46282422
13-Oct-21,2021,286,TB Pyrodinium Station 05,27.957,-82.622,S,0.5,667,28.1,16.45,31.38438352
13-Oct-21,2021,286,TB Pyrodinium Station 06,27.942,-82.675,S,0.5,0,28.92,15.79,13.35709979
13-Oct-21,2021,286,TB Pyrodinium Station 07,27.9055,-82.6046,S,0.5,0,28.23,17.14,7.611088111
13-Oct-21,2021,286,TB Pyrodinium Station 08,27.9244,-82.5496,S,0.5,0,28.3,19.33,5.43001619
13-Oct-21,2021,286,TB Pyrodinium Station 09,27.86111,-82.58911,S,0.5,0,27.76,19.49,4.285920104
13-Oct-21,2021,286,TB Pyrodinium Station 10/MML E 10,27.7723,-82.5789,S,0.5,0,28.28,21.91,2.760205811
10-Nov-21,2021,314,TB Pyrodinium Station 01,28.02,-82.675,B,2,0,NA,NA,12.66852528
10-Nov-21,2021,314,TB Pyrodinium Station 05,27.957,-82.622,B,4.4,0,NA,NA,9.336386026
10-Nov-21,2021,314,TB Pyrodinium Station 06,27.942,-82.675,B,3.7,0,NA,NA,12.81956582
10-Nov-21,2021,314,TB Pyrodinium Station 07,27.9055,-82.6046,B,2.9,0,NA,NA,8.222076737
10-Nov-21,2021,314,TB Pyrodinium Station 01,28.02,-82.675,S,0.5,0,21.8,17.05,10.54162789
10-Nov-21,2021,314,TB Pyrodinium Station 02,27.972,-82.673,S,0.5,0,22.17,17.17,8.539955424
10-Nov-21,2021,314,TB Pyrodinium Station 03,27.98,-82.62,S,0.5,0,22.69,16.09,3.751623533
10-Nov-21,2021,314,TB Pyrodinium Station 04,27.949,-82.561,S,0.5,0,20.77,20.24,4.377863812
10-Nov-21,2021,314,TB Pyrodinium Station 05,27.957,-82.622,S,0.5,0,20.83,18.18,7.992818775
10-Nov-21,2021,314,TB Pyrodinium Station 06,27.942,-82.675,S,0.5,0,20.58,20.43,9.712060839
10-Nov-21,2021,314,TB Pyrodinium Station 07,27.9055,-82.6046,S,0.5,0,20.35,18.75,8.854751652
10-Nov-21,2021,314,TB Pyrodinium Station 08,27.9244,-82.5496,S,0.5,0,20.57,20.63,5.411643834
10-Nov-21,2021,314,TB Pyrodinium Station 09,27.86111,-82.58911,S,0.5,0,20.2,20.62,5.655350828
10-Nov-21,2021,314,TB Pyrodinium Station 10/MML E 10,27.7723,-82.5789,S,0.5,0,20.78,24.08,3.914647136
